Entity,Code,Year,Biofuels
Africa,OWID_AFR,1990,0.3051023
Africa,OWID_AFR,1991,0.3051023
Africa,OWID_AFR,1992,0.30529028
Africa,OWID_AFR,1993,0.068616726
Africa,OWID_AFR,1994,0.068616726
Africa,OWID_AFR,1995,0.068616726
Africa,OWID_AFR,1996,0.06880471
Africa,OWID_AFR,1997,0.102925085
Africa,OWID_AFR,1998,0.102925085
Africa,OWID_AFR,1999,0.068616726
Africa,OWID_AFR,2000,0.06880471
Africa,OWID_AFR,2001,0.068616726
Africa,OWID_AFR,2002,0.24095866
Africa,OWID_AFR,2003,0.251716
Africa,OWID_AFR,2004,0.28782013
Africa,OWID_AFR,2005,0.2943336
Africa,OWID_AFR,2006,0.35644424
Africa,OWID_AFR,2007,0.3456951
Africa,OWID_AFR,2008,0.37789974
Africa,OWID_AFR,2009,0.5937582
Africa,OWID_AFR,2010,0.8238055
Africa,OWID_AFR,2011,1.1333025
Africa,OWID_AFR,2012,1.0127013
Africa,OWID_AFR,2013,1.3421129
Africa,OWID_AFR,2014,1.478777
Africa,OWID_AFR,2015,1.3343786
Africa,OWID_AFR,2016,1.2191871
Africa,OWID_AFR,2017,1.1253604
Africa,OWID_AFR,2018,0.8885908
Africa,OWID_AFR,2019,0.9744526
Africa,OWID_AFR,2020,0.9650717
Africa,OWID_AFR,2021,0.9954881
Africa,OWID_AFR,2022,1.0745708
Africa,OWID_AFR,2023,1.1433736
Africa,OWID_AFR,2024,1.148281
Africa (EI),,1990,0.3051023
Africa (EI),,1991,0.3051023
Africa (EI),,1992,0.30529028
Africa (EI),,1993,0.068616726
Africa (EI),,1994,0.068616726
Africa (EI),,1995,0.068616726
Africa (EI),,1996,0.06880471
Africa (EI),,1997,0.102925085
Africa (EI),,1998,0.102925085
Africa (EI),,1999,0.068616726
Africa (EI),,2000,0.06880471
Africa (EI),,2001,0.068616726
Africa (EI),,2002,0.24095866
Africa (EI),,2003,0.251716
Africa (EI),,2004,0.28782013
Africa (EI),,2005,0.2943336
Africa (EI),,2006,0.35644424
Africa (EI),,2007,0.3456951
Africa (EI),,2008,0.37789974
Africa (EI),,2009,0.5937582
Africa (EI),,2010,0.8238055
Africa (EI),,2011,1.1333025
Africa (EI),,2012,1.0127013
Africa (EI),,2013,1.3421129
Africa (EI),,2014,1.478777
Africa (EI),,2015,1.3343786
Africa (EI),,2016,1.2191871
Africa (EI),,2017,1.1253604
Africa (EI),,2018,0.8885908
Africa (EI),,2019,0.9744526
Africa (EI),,2020,0.9650717
Africa (EI),,2021,0.9954881
Africa (EI),,2022,1.0745708
Africa (EI),,2023,1.1433736
Africa (EI),,2024,1.148281
Argentina,ARG,1990,0
Argentina,ARG,1991,0
Argentina,ARG,1992,0
Argentina,ARG,1993,0
Argentina,ARG,1994,0
Argentina,ARG,1995,0
Argentina,ARG,1996,0
Argentina,ARG,1997,0
Argentina,ARG,1998,0
Argentina,ARG,1999,0
Argentina,ARG,2000,0.053206038
Argentina,ARG,2001,0.106121324
Argentina,ARG,2002,0.106121324
Argentina,ARG,2003,0.106121324
Argentina,ARG,2004,0.106412075
Argentina,ARG,2005,0.106121324
Argentina,ARG,2006,0.35267234
Argentina,ARG,2007,2.007858
Argentina,ARG,2008,7.1122904
Argentina,ARG,2009,11.965087
Argentina,ARG,2010,19.893946
Argentina,ARG,2011,25.844816
Argentina,ARG,2012,26.502537
Argentina,ARG,2013,23.838686
Argentina,ARG,2014,30.584425
Argentina,ARG,2015,23.461843
Argentina,ARG,2016,32.768284
Argentina,ARG,2017,36.231873
Argentina,ARG,2018,31.703428
Argentina,ARG,2019,28.55003
Argentina,ARG,2020,16.743961
Argentina,ARG,2021,23.7799
Argentina,ARG,2022,26.59296
Argentina,ARG,2023,15.418692
Argentina,ARG,2024,19.148567
Asia Pacific (EI),,1990,0
Asia Pacific (EI),,1991,0
Asia Pacific (EI),,1992,0
Asia Pacific (EI),,1993,0
Asia Pacific (EI),,1994,0
Asia Pacific (EI),,1995,0
Asia Pacific (EI),,1996,0
Asia Pacific (EI),,1997,0
Asia Pacific (EI),,1998,0
Asia Pacific (EI),,1999,0
Asia Pacific (EI),,2000,0.9976684
Asia Pacific (EI),,2001,1.0823115
Asia Pacific (EI),,2002,2.8769584
Asia Pacific (EI),,2003,6.5407166
Asia Pacific (EI),,2004,6.5983725
Asia Pacific (EI),,2005,10.475128
Asia Pacific (EI),,2006,17.081
Asia Pacific (EI),,2007,23.552185
Asia Pacific (EI),,2008,38.08246
Asia Pacific (EI),,2009,39.611355
Asia Pacific (EI),,2010,42.818493
Asia Pacific (EI),,2011,68.80931
Asia Pacific (EI),,2012,81.812836
Asia Pacific (EI),,2013,98.071526
Asia Pacific (EI),,2014,117.29821
Asia Pacific (EI),,2015,98.85709
Asia Pacific (EI),,2016,111.89731
Asia Pacific (EI),,2017,105.41249
Asia Pacific (EI),,2018,150.70773
Asia Pacific (EI),,2019,193.16586
Asia Pacific (EI),,2020,193.14163
Asia Pacific (EI),,2021,211.44821
Asia Pacific (EI),,2022,244.25421
Asia Pacific (EI),,2023,280.0759
Asia Pacific (EI),,2024,319.5699
Australia,AUS,1990,0
Australia,AUS,1991,0
Australia,AUS,1992,0
Australia,AUS,1993,0
Australia,AUS,1994,0
Australia,AUS,1995,0
Australia,AUS,1996,0
Australia,AUS,1997,0
Australia,AUS,1998,0
Australia,AUS,1999,0
Australia,AUS,2000,0
Australia,AUS,2001,0
Australia,AUS,2002,0
Australia,AUS,2003,0.5353231
Australia,AUS,2004,0.32180902
Australia,AUS,2005,0.32005984
Australia,AUS,2006,0.5920587
Australia,AUS,2007,1.1593293
Australia,AUS,2008,1.8793633
Australia,AUS,2009,2.695126
Australia,AUS,2010,2.1017818
Australia,AUS,2011,2.5427175
Australia,AUS,2012,2.6933994
Australia,AUS,2013,2.845892
Australia,AUS,2014,2.989948
Australia,AUS,2015,2.6403356
Australia,AUS,2016,1.4622645
Australia,AUS,2017,1.2355341
Australia,AUS,2018,1.5035335
Australia,AUS,2019,1.7374655
Australia,AUS,2020,1.4528768
Australia,AUS,2021,1.2335895
Australia,AUS,2022,1.2389314
Australia,AUS,2023,1.3604082
Australia,AUS,2024,1.4383049
Austria,AUT,1990,0.073269
Austria,AUT,1991,0.080247
Austria,AUT,1992,0.089551
Austria,AUT,1993,0.101181
Austria,AUT,1994,0.067454
Austria,AUT,1995,0.130256
Austria,AUT,1996,0.141886
Austria,AUT,1997,0.153516
Austria,AUT,1998,0.165146
Austria,AUT,1999,0.181428
Austria,AUT,2000,0.21282415
Austria,AUT,2001,0.21224265
Austria,AUT,2002,0.2653033
Austria,AUT,2003,0.31836396
Austria,AUT,2004,0.58526635
Austria,AUT,2005,0.8489706
Austria,AUT,2006,1.2734559
Austria,AUT,2007,2.5759044
Austria,AUT,2008,3.095625
Austria,AUT,2009,4.2849255
Austria,AUT,2010,4.4873886
Austria,AUT,2011,4.4591107
Austria,AUT,2012,3.996611
Austria,AUT,2013,3.5406117
Austria,AUT,2014,4.358381
Austria,AUT,2015,4.807231
Austria,AUT,2016,4.478492
Austria,AUT,2017,4.4122252
Austria,AUT,2018,4.422602
Austria,AUT,2019,4.576807
Austria,AUT,2020,4.3132157
Austria,AUT,2021,4.4790754
Austria,AUT,2022,4.7918906
Austria,AUT,2023,4.755563
Austria,AUT,2024,4.768592
Belgium,BEL,1990,0
Belgium,BEL,1991,0
Belgium,BEL,1992,0
Belgium,BEL,1993,0
Belgium,BEL,1994,0
Belgium,BEL,1995,0
Belgium,BEL,1996,0
Belgium,BEL,1997,0
Belgium,BEL,1998,0
Belgium,BEL,1999,0
Belgium,BEL,2000,0
Belgium,BEL,2001,0
Belgium,BEL,2002,0
Belgium,BEL,2003,0
Belgium,BEL,2004,0
Belgium,BEL,2005,0
Belgium,BEL,2006,0
Belgium,BEL,2007,0
Belgium,BEL,2008,0
Belgium,BEL,2009,1.5663052
Belgium,BEL,2010,4.2494974
Belgium,BEL,2011,4.9068365
Belgium,BEL,2012,5.2025642
Belgium,BEL,2013,5.10835
Belgium,BEL,2014,6.6881804
Belgium,BEL,2015,4.4912734
Belgium,BEL,2016,4.3256507
Belgium,BEL,2017,5.1816764
Belgium,BEL,2018,4.9355044
Belgium,BEL,2019,5.223405
Belgium,BEL,2020,5.4005766
Belgium,BEL,2021,5.012553
Belgium,BEL,2022,4.757589
Belgium,BEL,2023,5.801544
Belgium,BEL,2024,5.9650116
Brazil,BRA,1990,68.512
Brazil,BRA,1991,76.8156
Brazil,BRA,1992,70.37044
Brazil,BRA,1993,68.25598
Brazil,BRA,1994,74.95961
Brazil,BRA,1995,76.39261
Brazil,BRA,1996,85.029236
Brazil,BRA,1997,93.439804
Brazil,BRA,1998,85.30479
Brazil,BRA,1999,78.68598
Brazil,BRA,2000,65.01594
Brazil,BRA,2001,69.79247
Brazil,BRA,2002,76.622284
Brazil,BRA,2003,88.29288
Brazil,BRA,2004,89.07529
Brazil,BRA,2005,97.435104
Brazil,BRA,2006,108.20939
Brazil,BRA,2007,139.81993
Brazil,BRA,2008,174.3984
Brazil,BRA,2009,171.59833
Brazil,BRA,2010,189.93901
Brazil,BRA,2011,163.06367
Brazil,BRA,2012,166.94717
Brazil,BRA,2013,193.97246
Brazil,BRA,2014,204.10722
Brazil,BRA,2015,218.91077
Brazil,BRA,2016,206.00305
Brazil,BRA,2017,207.0511
Brazil,BRA,2018,248.8396
Brazil,BRA,2019,266.04663
Brazil,BRA,2020,255.50471
Brazil,BRA,2021,250.42311
Brazil,BRA,2022,254.02217
Brazil,BRA,2023,293.49945
Brazil,BRA,2024,317.43286
CIS (EI),,1990,0
CIS (EI),,1991,0
CIS (EI),,1992,0
CIS (EI),,1993,0
CIS (EI),,1994,0
CIS (EI),,1995,0
CIS (EI),,1996,0
CIS (EI),,1997,0
CIS (EI),,1998,0
CIS (EI),,1999,0
CIS (EI),,2000,0
CIS (EI),,2001,0
CIS (EI),,2002,0
CIS (EI),,2003,0
CIS (EI),,2004,0
CIS (EI),,2005,0
CIS (EI),,2006,0
CIS (EI),,2007,0
CIS (EI),,2008,0.07514027
CIS (EI),,2009,0.2347597
CIS (EI),,2010,0.38417032
CIS (EI),,2011,0.30500025
CIS (EI),,2012,0.33200046
CIS (EI),,2013,0.2642092
CIS (EI),,2014,0.2768865
CIS (EI),,2015,0.21853423
CIS (EI),,2016,0.20443295
CIS (EI),,2017,0.2012415
CIS (EI),,2018,0.14124116
CIS (EI),,2019,0.15999973
CIS (EI),,2020,0
CIS (EI),,2021,0.014888888
CIS (EI),,2022,0.06589822
CIS (EI),,2023,0
CIS (EI),,2024,0
Canada,CAN,1990,0
Canada,CAN,1991,0
Canada,CAN,1992,0
Canada,CAN,1993,0
Canada,CAN,1994,0
Canada,CAN,1995,0
Canada,CAN,1996,0
Canada,CAN,1997,0
Canada,CAN,1998,0
Canada,CAN,1999,0.57797325
Canada,CAN,2000,1.2613882
Canada,CAN,2001,1.3259386
Canada,CAN,2002,1.3599371
Canada,CAN,2003,1.3599371
Canada,CAN,2004,1.3636628
Canada,CAN,2005,1.4959308
Canada,CAN,2006,1.918643
Canada,CAN,2007,5.5999856
Canada,CAN,2008,6.0085735
Canada,CAN,2009,8.729076
Canada,CAN,2010,9.353597
Canada,CAN,2011,11.039007
Canada,CAN,2012,10.829853
Canada,CAN,2013,11.604977
Canada,CAN,2014,13.591122
Canada,CAN,2015,13.804804
Canada,CAN,2016,14.523843
Canada,CAN,2017,13.846188
Canada,CAN,2018,13.150651
Canada,CAN,2019,14.46241
Canada,CAN,2020,13.782784
Canada,CAN,2021,13.64876
Canada,CAN,2022,13.376443
Canada,CAN,2023,14.795869
Canada,CAN,2024,20.63387
China,CHN,1990,0
China,CHN,1991,0
China,CHN,1992,0
China,CHN,1993,0
China,CHN,1994,0
China,CHN,1995,0
China,CHN,1996,0
China,CHN,1997,0
China,CHN,1998,0
China,CHN,1999,0
China,CHN,2000,0
China,CHN,2001,0.053060662
China,CHN,2002,1.7684786
China,CHN,2003,4.8562317
China,CHN,2004,5.965346
China,CHN,2005,8.368024
China,CHN,2006,12.231146
China,CHN,2007,13.484257
China,CHN,2008,16.731058
China,CHN,2009,18.286423
China,CHN,2010,17.7746
China,CHN,2011,22.119543
China,CHN,2012,23.683098
China,CHN,2013,26.360819
China,CHN,2014,29.27855
China,CHN,2015,24.932436
China,CHN,2016,23.978706
China,CHN,2017,19.510061
China,CHN,2018,27.065262
China,CHN,2019,33.079388
China,CHN,2020,35.036034
China,CHN,2021,36.013332
China,CHN,2022,44.7
China,CHN,2023,50.47711
China,CHN,2024,65.96328
Colombia,COL,1990,0
Colombia,COL,1991,0
Colombia,COL,1992,0
Colombia,COL,1993,0
Colombia,COL,1994,0
Colombia,COL,1995,0
Colombia,COL,1996,0
Colombia,COL,1997,0
Colombia,COL,1998,0
Colombia,COL,1999,0
Colombia,COL,2000,0
Colombia,COL,2001,0
Colombia,COL,2002,0
Colombia,COL,2003,0
Colombia,COL,2004,0
Colombia,COL,2005,0.17154181
Colombia,COL,2006,1.5707598
Colombia,COL,2007,1.6889794
Colombia,COL,2008,1.7494819
Colombia,COL,2009,3.6427
Colombia,COL,2010,5.2514305
Colombia,COL,2011,6.6385684
Colombia,COL,2012,7.279806
Colombia,COL,2013,7.5372925
Colombia,COL,2014,7.8369017
Colombia,COL,2015,8.024199
Colombia,COL,2016,7.8060017
Colombia,COL,2017,7.153719
Colombia,COL,2018,8.93695
Colombia,COL,2019,7.9765263
Colombia,COL,2020,7.4975452
Colombia,COL,2021,9.363567
Colombia,COL,2022,9.2780905
Colombia,COL,2023,9.482472
Colombia,COL,2024,10.602885
Europe,OWID_EUR,1990,0.073269
Europe,OWID_EUR,1991,0.080247
Europe,OWID_EUR,1992,0.20241645
Europe,OWID_EUR,1993,0.5027869
Europe,OWID_EUR,1994,1.4007674
Europe,OWID_EUR,1995,2.474585
Europe,OWID_EUR,1996,3.5902174
Europe,OWID_EUR,1997,4.5907125
Europe,OWID_EUR,1998,4.3727264
Europe,OWID_EUR,1999,5.0051155
Europe,OWID_EUR,2000,8.130677
Europe,OWID_EUR,2001,10.038443
Europe,OWID_EUR,2002,13.413471
Europe,OWID_EUR,2003,16.929909
Europe,OWID_EUR,2004,25.336971
Europe,OWID_EUR,2005,34.696896
Europe,OWID_EUR,2006,51.08912
Europe,OWID_EUR,2007,69.78802
Europe,OWID_EUR,2008,89.99011
Europe,OWID_EUR,2009,110.51827
Europe,OWID_EUR,2010,126.239944
Europe,OWID_EUR,2011,124.152824
Europe,OWID_EUR,2012,133.87811
Europe,OWID_EUR,2013,143.77065
Europe,OWID_EUR,2014,158.32713
Europe,OWID_EUR,2015,158.76176
Europe,OWID_EUR,2016,155.83318
Europe,OWID_EUR,2017,174.0876
Europe,OWID_EUR,2018,189.47662
Europe,OWID_EUR,2019,192.33455
Europe,OWID_EUR,2020,187.467
Europe,OWID_EUR,2021,189.48288
Europe,OWID_EUR,2022,188.75876
Europe,OWID_EUR,2023,193.66545
Europe,OWID_EUR,2024,194.29245
Europe (EI),,1990,0.073269
Europe (EI),,1991,0.080247
Europe (EI),,1992,0.20241645
Europe (EI),,1993,0.5027868
Europe (EI),,1994,1.4007674
Europe (EI),,1995,2.474585
Europe (EI),,1996,3.590217
Europe (EI),,1997,4.5907125
Europe (EI),,1998,4.3727264
Europe (EI),,1999,5.005116
Europe (EI),,2000,8.130677
Europe (EI),,2001,10.038443
Europe (EI),,2002,13.413471
Europe (EI),,2003,16.929909
Europe (EI),,2004,25.336971
Europe (EI),,2005,34.696896
Europe (EI),,2006,51.08912
Europe (EI),,2007,69.78802
Europe (EI),,2008,89.990105
Europe (EI),,2009,110.51827
Europe (EI),,2010,126.239944
Europe (EI),,2011,124.15283
Europe (EI),,2012,133.87811
Europe (EI),,2013,143.77065
Europe (EI),,2014,158.32713
Europe (EI),,2015,158.76176
Europe (EI),,2016,155.83316
Europe (EI),,2017,174.08759
Europe (EI),,2018,189.47662
Europe (EI),,2019,192.33455
Europe (EI),,2020,187.46701
Europe (EI),,2021,189.4829
Europe (EI),,2022,188.75876
Europe (EI),,2023,193.66545
Europe (EI),,2024,194.29245
European Union (27),OWID_EU27,1990,0.073269
European Union (27),OWID_EU27,1991,0.080247
European Union (27),OWID_EU27,1992,0.20241645
European Union (27),OWID_EU27,1993,0.5027868
European Union (27),OWID_EU27,1994,1.4007674
European Union (27),OWID_EU27,1995,2.474585
European Union (27),OWID_EU27,1996,3.590217
European Union (27),OWID_EU27,1997,4.5737877
European Union (27),OWID_EU27,1998,4.3575115
European Union (27),OWID_EU27,1999,4.990824
European Union (27),OWID_EU27,2000,8.11399
European Union (27),OWID_EU27,2001,10.020732
European Union (27),OWID_EU27,2002,13.365414
European Union (27),OWID_EU27,2003,16.802538
European Union (27),OWID_EU27,2004,25.14848
European Union (27),OWID_EU27,2005,34.490265
European Union (27),OWID_EU27,2006,48.048195
European Union (27),OWID_EU27,2007,64.91205
European Union (27),OWID_EU27,2008,85.80525
European Union (27),OWID_EU27,2009,107.34034
European Union (27),OWID_EU27,2010,122.75216
European Union (27),OWID_EU27,2011,120.90014
European Union (27),OWID_EU27,2012,129.33157
European Union (27),OWID_EU27,2013,136.48875
European Union (27),OWID_EU27,2014,152.69792
European Union (27),OWID_EU27,2015,153.78995
European Union (27),OWID_EU27,2016,147.56099
European Union (27),OWID_EU27,2017,162.73126
European Union (27),OWID_EU27,2018,178.5243
European Union (27),OWID_EU27,2019,182.03143
European Union (27),OWID_EU27,2020,177.70401
European Union (27),OWID_EU27,2021,179.56645
European Union (27),OWID_EU27,2022,178.04324
European Union (27),OWID_EU27,2023,181.58763
European Union (27),OWID_EU27,2024,182.81876
Finland,FIN,1990,0
Finland,FIN,1991,0
Finland,FIN,1992,0
Finland,FIN,1993,0
Finland,FIN,1994,0
Finland,FIN,1995,0
Finland,FIN,1996,0
Finland,FIN,1997,0
Finland,FIN,1998,0
Finland,FIN,1999,0
Finland,FIN,2000,0
Finland,FIN,2001,0
Finland,FIN,2002,0
Finland,FIN,2003,0
Finland,FIN,2004,0
Finland,FIN,2005,0
Finland,FIN,2006,0
Finland,FIN,2007,0.4330306
Finland,FIN,2008,0.9916351
Finland,FIN,2009,2.6928995
Finland,FIN,2010,3.5050526
Finland,FIN,2011,2.416091
Finland,FIN,2012,3.066077
Finland,FIN,2013,3.844533
Finland,FIN,2014,4.2955194
Finland,FIN,2015,6.6306267
Finland,FIN,2016,2.545502
Finland,FIN,2017,2.6921444
Finland,FIN,2018,6.8040724
Finland,FIN,2019,4.063092
Finland,FIN,2020,5.588193
Finland,FIN,2021,7.472402
Finland,FIN,2022,7.2580576
Finland,FIN,2023,6.2329226
Finland,FIN,2024,6.7592506
France,FRA,1990,0
France,FRA,1991,0
France,FRA,1992,0.026248911
France,FRA,1993,0.2923782
France,FRA,1994,0.9494267
France,FRA,1995,1.8613815
France,FRA,1996,2.678552
France,FRA,1997,3.2066004
France,FRA,1998,2.9976673
France,FRA,1999,3.151253
France,FRA,2000,3.7758656
France,FRA,2001,3.7668989
France,FRA,2002,4.034773
France,FRA,2003,4.430088
France,FRA,2004,4.643859
France,FRA,2005,7.501699
France,FRA,2006,7.8661137
France,FRA,2007,13.113836
France,FRA,2008,24.178932
France,FRA,2009,27.055717
France,FRA,2010,26.374874
France,FRA,2011,26.244072
France,FRA,2012,30.628035
France,FRA,2013,28.553371
France,FRA,2014,28.88099
France,FRA,2015,30.707294
France,FRA,2016,28.094324
France,FRA,2017,27.349375
France,FRA,2018,31.01172
France,FRA,2019,28.906471
France,FRA,2020,26.948454
France,FRA,2021,22.429363
France,FRA,2022,21.318396
France,FRA,2023,20.564608
France,FRA,2024,18.084455
Germany,DEU,1990,0
Germany,DEU,1991,0
Germany,DEU,1992,0.05167209
Germany,DEU,1993,0.05167209
Germany,DEU,1994,0.28933114
Germany,DEU,1995,0.36166972
Germany,DEU,1996,0.5683349
Germany,DEU,1997,0.9300046
Germany,DEU,1998,1.0333371
Germany,DEU,1999,1.3433348
Germany,DEU,2000,2.583337
Germany,DEU,2001,3.6166625
Germany,DEU,2002,5.6833367
Germany,DEU,2003,6.912907
Germany,DEU,2004,10.579198
Germany,DEU,2005,16.176365
Germany,DEU,2006,26.60217
Germany,DEU,2007,33.02326
Germany,DEU,2008,29.390696
Germany,DEU,2009,29.409874
Germany,DEU,2010,36.448257
Germany,DEU,2011,35.813652
Germany,DEU,2012,33.560238
Germany,DEU,2013,35.743988
Germany,DEU,2014,39.94682
Germany,DEU,2015,36.827896
Germany,DEU,2016,37.246746
Germany,DEU,2017,38.017647
Germany,DEU,2018,39.059742
Germany,DEU,2019,40.79567
Germany,DEU,2020,39.174717
Germany,DEU,2021,40.72917
Germany,DEU,2022,41.298565
Germany,DEU,2023,42.9795
Germany,DEU,2024,41.34599
High-income countries,OWID_HIC,1990,16.806011
High-income countries,OWID_HIC,1991,19.46898
High-income countries,OWID_HIC,1992,22.212194
High-income countries,OWID_HIC,1993,26.278957
High-income countries,OWID_HIC,1994,30.152494
High-income countries,OWID_HIC,1995,32.737354
High-income countries,OWID_HIC,1996,25.17505
High-income countries,OWID_HIC,1997,33.122303
High-income countries,OWID_HIC,1998,35.64047
High-income countries,OWID_HIC,1999,38.040565
High-income countries,OWID_HIC,2000,44.992355
High-income countries,OWID_HIC,2001,49.741627
High-income countries,OWID_HIC,2002,61.50691
High-income countries,OWID_HIC,2003,80.4194
High-income countries,OWID_HIC,2004,102.41824
High-income countries,OWID_HIC,2005,124.34451
High-income countries,OWID_HIC,2006,168.05629
High-income countries,OWID_HIC,2007,235.18973
High-income countries,OWID_HIC,2008,321.87848
High-income countries,OWID_HIC,2009,375.9553
High-income countries,OWID_HIC,2010,439.47656
High-income countries,OWID_HIC,2011,475.80945
High-income countries,OWID_HIC,2012,468.32898
High-income countries,OWID_HIC,2013,494.8104
High-income countries,OWID_HIC,2014,533.2145
High-income countries,OWID_HIC,2015,544.1625
High-income countries,OWID_HIC,2016,565.9113
High-income countries,OWID_HIC,2017,595.4636
High-income countries,OWID_HIC,2018,625.3759
High-income countries,OWID_HIC,2019,621.7239
High-income countries,OWID_HIC,2020,580.0137
High-income countries,OWID_HIC,2021,611.93744
High-income countries,OWID_HIC,2022,638.19556
High-income countries,OWID_HIC,2023,688.9807
High-income countries,OWID_HIC,2024,729.59644
India,IND,1990,0
India,IND,1991,0
India,IND,1992,0
India,IND,1993,0
India,IND,1994,0
India,IND,1995,0
India,IND,1996,0
India,IND,1997,0
India,IND,1998,0
India,IND,1999,0
India,IND,2000,0.9976684
India,IND,2001,1.0292509
India,IND,2002,1.0978676
India,IND,2003,1.1321759
India,IND,2004,0.22170524
India,IND,2005,0.91569704
India,IND,2006,0.82633024
India,IND,2007,1.1078415
India,IND,2008,1.7061033
India,IND,2009,1.3065449
India,IND,2010,2.1186633
India,IND,2011,3.0859628
India,IND,2012,2.9523406
India,IND,2013,2.8032334
India,IND,2014,3.055856
India,IND,2015,6.0187674
India,IND,2016,7.3423147
India,IND,2017,6.7122517
India,IND,2018,11.500109
India,IND,2019,12.969542
India,IND,2020,14.324619
India,IND,2021,19.352707
India,IND,2022,27.350254
India,IND,2023,34.42826
India,IND,2024,43.45143
Indonesia,IDN,1990,0
Indonesia,IDN,1991,0
Indonesia,IDN,1992,0
Indonesia,IDN,1993,0
Indonesia,IDN,1994,0
Indonesia,IDN,1995,0
Indonesia,IDN,1996,0
Indonesia,IDN,1997,0
Indonesia,IDN,1998,0
Indonesia,IDN,1999,0
Indonesia,IDN,2000,0
Indonesia,IDN,2001,0
Indonesia,IDN,2002,0
Indonesia,IDN,2003,0
Indonesia,IDN,2004,0
Indonesia,IDN,2005,0.10277778
Indonesia,IDN,2006,0.5138889
Indonesia,IDN,2007,2.5254989
Indonesia,IDN,2008,5.1463323
Indonesia,IDN,2009,1.7491089
Indonesia,IDN,2010,2.2396321
Indonesia,IDN,2011,16.585945
Indonesia,IDN,2012,20.319767
Indonesia,IDN,2013,25.659634
Indonesia,IDN,2014,36.324234
Indonesia,IDN,2015,14.81855
Indonesia,IDN,2016,33.429016
Indonesia,IDN,2017,31.23455
Indonesia,IDN,2018,56.397747
Indonesia,IDN,2019,76.79713
Indonesia,IDN,2020,78.586044
Indonesia,IDN,2021,93.6305
Indonesia,IDN,2022,108.223694
Indonesia,IDN,2023,120.25344
Indonesia,IDN,2024,127.39707
Italy,ITA,1990,0
Italy,ITA,1991,0
Italy,ITA,1992,0
Italy,ITA,1993,0
Italy,ITA,1994,0
Italy,ITA,1995,0
Italy,ITA,1996,0
Italy,ITA,1997,0
Italy,ITA,1998,0
Italy,ITA,1999,0
Italy,ITA,2000,0
Italy,ITA,2001,0
Italy,ITA,2002,0
Italy,ITA,2003,0
Italy,ITA,2004,2.9394476
Italy,ITA,2005,2.055556
Italy,ITA,2006,2.2919474
Italy,ITA,2007,2.0761063
Italy,ITA,2008,7.279287
Italy,ITA,2009,8.685807
Italy,ITA,2010,9.046453
Italy,ITA,2011,6.820413
Italy,ITA,2012,3.6217332
Italy,ITA,2013,5.312421
Italy,ITA,2014,5.963248
Italy,ITA,2015,6.031551
Italy,ITA,2016,6.093992
Italy,ITA,2017,7.311641
Italy,ITA,2018,7.8877335
Italy,ITA,2019,9.075994
Italy,ITA,2020,10.74655
Italy,ITA,2021,12.8306
Italy,ITA,2022,12.178913
Italy,ITA,2023,12.178796
Italy,ITA,2024,12.298542
Lower-middle-income countries,OWID_LMC,1990,0
Lower-middle-income countries,OWID_LMC,1991,0
Lower-middle-income countries,OWID_LMC,1992,0
Lower-middle-income countries,OWID_LMC,1993,0
Lower-middle-income countries,OWID_LMC,1994,0
Lower-middle-income countries,OWID_LMC,1995,0
Lower-middle-income countries,OWID_LMC,1996,0
Lower-middle-income countries,OWID_LMC,1997,0
Lower-middle-income countries,OWID_LMC,1998,0
Lower-middle-income countries,OWID_LMC,1999,0
Lower-middle-income countries,OWID_LMC,2000,0.9976684
Lower-middle-income countries,OWID_LMC,2001,1.0292509
Lower-middle-income countries,OWID_LMC,2002,1.0978676
Lower-middle-income countries,OWID_LMC,2003,1.1321759
Lower-middle-income countries,OWID_LMC,2004,0.22170524
Lower-middle-income countries,OWID_LMC,2005,0.91569704
Lower-middle-income countries,OWID_LMC,2006,0.82633024
Lower-middle-income countries,OWID_LMC,2007,1.1078415
Lower-middle-income countries,OWID_LMC,2008,1.7061033
Lower-middle-income countries,OWID_LMC,2009,1.3065449
Lower-middle-income countries,OWID_LMC,2010,2.1186633
Lower-middle-income countries,OWID_LMC,2011,3.0859628
Lower-middle-income countries,OWID_LMC,2012,2.9523406
Lower-middle-income countries,OWID_LMC,2013,2.8032334
Lower-middle-income countries,OWID_LMC,2014,3.055856
Lower-middle-income countries,OWID_LMC,2015,6.0187674
Lower-middle-income countries,OWID_LMC,2016,7.3423147
Lower-middle-income countries,OWID_LMC,2017,6.7122517
Lower-middle-income countries,OWID_LMC,2018,11.500109
Lower-middle-income countries,OWID_LMC,2019,12.969542
Lower-middle-income countries,OWID_LMC,2020,14.324619
Lower-middle-income countries,OWID_LMC,2021,19.352707
Lower-middle-income countries,OWID_LMC,2022,27.350254
Lower-middle-income countries,OWID_LMC,2023,34.42826
Lower-middle-income countries,OWID_LMC,2024,43.45143
Mexico,MEX,1990,0
Mexico,MEX,1991,0
Mexico,MEX,1992,0
Mexico,MEX,1993,0
Mexico,MEX,1994,0
Mexico,MEX,1995,0
Mexico,MEX,1996,0
Mexico,MEX,1997,0
Mexico,MEX,1998,0
Mexico,MEX,1999,0
Mexico,MEX,2000,0
Mexico,MEX,2001,0
Mexico,MEX,2002,0
Mexico,MEX,2003,0
Mexico,MEX,2004,0
Mexico,MEX,2005,0
Mexico,MEX,2006,0
Mexico,MEX,2007,0
Mexico,MEX,2008,0
Mexico,MEX,2009,0
Mexico,MEX,2010,0
Mexico,MEX,2011,0
Mexico,MEX,2012,0
Mexico,MEX,2013,0
Mexico,MEX,2014,0
Mexico,MEX,2015,0
Mexico,MEX,2016,0.11824279
Mexico,MEX,2017,0.17736419
Mexico,MEX,2018,0.29560697
Mexico,MEX,2019,0.29560697
Mexico,MEX,2020,0.23648559
Mexico,MEX,2021,0.35472837
Mexico,MEX,2022,0.41384977
Mexico,MEX,2023,0.41384977
Mexico,MEX,2024,0.41498363
Middle East (EI),,1990,0
Middle East (EI),,1991,0
Middle East (EI),,1992,0
Middle East (EI),,1993,0
Middle East (EI),,1994,0
Middle East (EI),,1995,0
Middle East (EI),,1996,0
Middle East (EI),,1997,0
Middle East (EI),,1998,0
Middle East (EI),,1999,0
Middle East (EI),,2000,0
Middle East (EI),,2001,0
Middle East (EI),,2002,0.04706063
Middle East (EI),,2003,0.054391686
Middle East (EI),,2004,0.03293062
Middle East (EI),,2005,0
Middle East (EI),,2006,0
Middle East (EI),,2007,0
Middle East (EI),,2008,0
Middle East (EI),,2009,0.1359678
Middle East (EI),,2010,0.13005613
Middle East (EI),,2011,0.14873718
Middle East (EI),,2012,0.1686074
Middle East (EI),,2013,0.18383166
Middle East (EI),,2014,0.20021768
Middle East (EI),,2015,0.23635906
Middle East (EI),,2016,0.2493403
Middle East (EI),,2017,0.095823266
Middle East (EI),,2018,0.12014163
Middle East (EI),,2019,0.14446001
Middle East (EI),,2020,0.2207674
Middle East (EI),,2021,0.3760275
Middle East (EI),,2022,0.6613115
Middle East (EI),,2023,0.95405775
Middle East (EI),,2024,1.1424383
Netherlands,NLD,1990,0
Netherlands,NLD,1991,0
Netherlands,NLD,1992,0
Netherlands,NLD,1993,0
Netherlands,NLD,1994,0
Netherlands,NLD,1995,0
Netherlands,NLD,1996,0
Netherlands,NLD,1997,0
Netherlands,NLD,1998,0
Netherlands,NLD,1999,0
Netherlands,NLD,2000,0
Netherlands,NLD,2001,0
Netherlands,NLD,2002,0
Netherlands,NLD,2003,0
Netherlands,NLD,2004,0.06880471
Netherlands,NLD,2005,0.034308363
Netherlands,NLD,2006,0.27188888
Netherlands,NLD,2007,0.94805557
Netherlands,NLD,2008,0.9051667
Netherlands,NLD,2009,2.816111
Netherlands,NLD,2010,4.511413
Netherlands,NLD,2011,7.6950274
Netherlands,NLD,2012,14.698286
Netherlands,NLD,2013,17.213943
Netherlands,NLD,2014,20.73037
Netherlands,NLD,2015,19.810902
Netherlands,NLD,2016,17.64519
Netherlands,NLD,2017,22.894234
Netherlands,NLD,2018,21.969234
Netherlands,NLD,2019,23.299511
Netherlands,NLD,2020,23.195406
Netherlands,NLD,2021,24.061455
Netherlands,NLD,2022,22.975431
Netherlands,NLD,2023,25.149797
Netherlands,NLD,2024,24.263231
Non-OECD (EI),,1990,69.62396
Non-OECD (EI),,1991,77.912674
Non-OECD (EI),,1992,71.42484
Non-OECD (EI),,1993,68.920845
Non-OECD (EI),,1994,75.577805
Non-OECD (EI),,1995,76.957504
Non-OECD (EI),,1996,85.562675
Non-OECD (EI),,1997,93.96398
Non-OECD (EI),,1998,85.75449
Non-OECD (EI),,1999,79.149574
Non-OECD (EI),,2000,66.51583
Non-OECD (EI),,2001,71.41274
Non-OECD (EI),,2002,80.95009
Non-OECD (EI),,2003,95.99225
Non-OECD (EI),,2004,96.91743
Non-OECD (EI),,2005,109.46906
Non-OECD (EI),,2006,128.0956
Non-OECD (EI),,2007,168.09877
Non-OECD (EI),,2008,223.42302
Non-OECD (EI),,2009,223.51572
Non-OECD (EI),,2010,250.37985
Non-OECD (EI),,2011,256.8758
Non-OECD (EI),,2012,275.10294
Non-OECD (EI),,2013,316.48956
Non-OECD (EI),,2014,352.74884
Non-OECD (EI),,2015,341.8905
Non-OECD (EI),,2016,353.26743
Non-OECD (EI),,2017,351.25653
Non-OECD (EI),,2018,431.5045
Non-OECD (EI),,2019,489.96777
Non-OECD (EI),,2020,467.22614
Non-OECD (EI),,2021,490.40262
Non-OECD (EI),,2022,529.20404
Non-OECD (EI),,2023,594.5617
Non-OECD (EI),,2024,662.99915
North America,OWID_NAM,1990,16.732742
North America,OWID_NAM,1991,19.388733
North America,OWID_NAM,1992,22.044722
North America,OWID_NAM,1993,25.833725
North America,OWID_NAM,1994,28.846283
North America,OWID_NAM,1995,30.384048
North America,OWID_NAM,1996,21.786278
North America,OWID_NAM,1997,28.832184
North America,OWID_NAM,1998,31.444319
North America,OWID_NAM,1999,33.364548
North America,OWID_NAM,2000,37.56903
North America,OWID_NAM,2001,41.127228
North America,OWID_NAM,2002,49.619167
North America,OWID_NAM,2003,64.61445
North America,OWID_NAM,2004,78.52306
North America,OWID_NAM,2005,92.017426
North America,OWID_NAM,2006,119.898056
North America,OWID_NAM,2007,168.4942
North America,OWID_NAM,2008,237.80821
North America,OWID_NAM,2009,271.36905
North America,OWID_NAM,2010,318.8468
North America,OWID_NAM,2011,358.40552
North America,OWID_NAM,2012,342.7514
North America,OWID_NAM,2013,360.06918
North America,OWID_NAM,2014,383.6866
North America,OWID_NAM,2015,395.03723
North America,OWID_NAM,2016,422.2788
North America,OWID_NAM,2017,434.90988
North America,OWID_NAM,2018,448.49377
North America,OWID_NAM,2019,444.68457
North America,OWID_NAM,2020,407.4588
North America,OWID_NAM,2021,439.1881
North America,OWID_NAM,2022,465.8725
North America,OWID_NAM,2023,513.10596
North America,OWID_NAM,2024,553.6351
North America (EI),,1990,16.732742
North America (EI),,1991,19.388733
North America (EI),,1992,22.044722
North America (EI),,1993,25.833725
North America (EI),,1994,28.846283
North America (EI),,1995,30.384048
North America (EI),,1996,21.786278
North America (EI),,1997,28.832184
North America (EI),,1998,31.444319
North America (EI),,1999,33.364548
North America (EI),,2000,37.569035
North America (EI),,2001,41.127228
North America (EI),,2002,49.619167
North America (EI),,2003,64.61444
North America (EI),,2004,78.52307
North America (EI),,2005,92.01743
North America (EI),,2006,119.89806
North America (EI),,2007,168.49422
North America (EI),,2008,237.80821
North America (EI),,2009,271.36905
North America (EI),,2010,318.84677
North America (EI),,2011,358.40552
North America (EI),,2012,342.7514
North America (EI),,2013,360.06918
North America (EI),,2014,383.68658
North America (EI),,2015,395.03723
North America (EI),,2016,422.27878
North America (EI),,2017,434.9099
North America (EI),,2018,448.49374
North America (EI),,2019,444.68457
North America (EI),,2020,407.4588
North America (EI),,2021,439.18814
North America (EI),,2022,465.8725
North America (EI),,2023,513.10596
North America (EI),,2024,553.6351
OECD (EI),,1990,16.962343
OECD (EI),,1991,19.498756
OECD (EI),,1992,22.262028
OECD (EI),,1993,26.366291
OECD (EI),,1994,30.261938
OECD (EI),,1995,32.866077
OECD (EI),,1996,25.41372
OECD (EI),,1997,33.43034
OECD (EI),,1998,35.817043
OECD (EI),,1999,38.369663
OECD (EI),,2000,45.699715
OECD (EI),,2001,51.16567
OECD (EI),,2002,63.090313
OECD (EI),,2003,82.258125
OECD (EI),,2004,104.341156
OECD (EI),,2005,127.5521
OECD (EI),,2006,173.80003
OECD (EI),,2007,241.98714
OECD (EI),,2008,332.8979
OECD (EI),,2009,390.54193
OECD (EI),,2010,456.0773
OECD (EI),,2011,494.29468
OECD (EI),,2012,489.2106
OECD (EI),,2013,516.15576
OECD (EI),,2014,555.23785
OECD (EI),,2015,567.1535
OECD (EI),,2016,589.80664
OECD (EI),,2017,619.3818
OECD (EI),,2018,653.0305
OECD (EI),,2019,650.27057
OECD (EI),,2020,607.43604
OECD (EI),,2021,641.6207
OECD (EI),,2022,667.5365
OECD (EI),,2023,719.31866
OECD (EI),,2024,761.51654
Oceania,OWID_OCE,1990,0
Oceania,OWID_OCE,1991,0
Oceania,OWID_OCE,1992,0
Oceania,OWID_OCE,1993,0
Oceania,OWID_OCE,1994,0
Oceania,OWID_OCE,1995,0
Oceania,OWID_OCE,1996,0
Oceania,OWID_OCE,1997,0
Oceania,OWID_OCE,1998,0
Oceania,OWID_OCE,1999,0
Oceania,OWID_OCE,2000,0
Oceania,OWID_OCE,2001,0
Oceania,OWID_OCE,2002,0
Oceania,OWID_OCE,2003,0.5353231
Oceania,OWID_OCE,2004,0.32180902
Oceania,OWID_OCE,2005,0.32005984
Oceania,OWID_OCE,2006,0.5920587
Oceania,OWID_OCE,2007,1.1593293
Oceania,OWID_OCE,2008,1.8793633
Oceania,OWID_OCE,2009,2.695126
Oceania,OWID_OCE,2010,2.1017818
Oceania,OWID_OCE,2011,2.5427175
Oceania,OWID_OCE,2012,2.6933994
Oceania,OWID_OCE,2013,2.845892
Oceania,OWID_OCE,2014,2.989948
Oceania,OWID_OCE,2015,2.6403356
Oceania,OWID_OCE,2016,1.4622645
Oceania,OWID_OCE,2017,1.2355341
Oceania,OWID_OCE,2018,1.5035335
Oceania,OWID_OCE,2019,1.7374655
Oceania,OWID_OCE,2020,1.4528768
Oceania,OWID_OCE,2021,1.2335895
Oceania,OWID_OCE,2022,1.2389314
Oceania,OWID_OCE,2023,1.3604082
Oceania,OWID_OCE,2024,1.4383049
Other Asia Pacific (EI),,1990,0
Other Asia Pacific (EI),,1991,0
Other Asia Pacific (EI),,1992,0
Other Asia Pacific (EI),,1993,0
Other Asia Pacific (EI),,1994,0
Other Asia Pacific (EI),,1995,0
Other Asia Pacific (EI),,1996,0
Other Asia Pacific (EI),,1997,0
Other Asia Pacific (EI),,1998,0
Other Asia Pacific (EI),,1999,0
Other Asia Pacific (EI),,2000,0
Other Asia Pacific (EI),,2001,0
Other Asia Pacific (EI),,2002,0
Other Asia Pacific (EI),,2003,0.0001163
Other Asia Pacific (EI),,2004,0.001163
Other Asia Pacific (EI),,2005,0.011440777
Other Asia Pacific (EI),,2006,1.4203571
Other Asia Pacific (EI),,2007,2.6427546
Other Asia Pacific (EI),,2008,4.518574
Other Asia Pacific (EI),,2009,5.1799393
Other Asia Pacific (EI),,2010,4.7345557
Other Asia Pacific (EI),,2011,9.878866
Other Asia Pacific (EI),,2012,13.336239
Other Asia Pacific (EI),,2013,17.396872
Other Asia Pacific (EI),,2014,20.218313
Other Asia Pacific (EI),,2015,22.740334
Other Asia Pacific (EI),,2016,20.2751
Other Asia Pacific (EI),,2017,19.30756
Other Asia Pacific (EI),,2018,21.744154
Other Asia Pacific (EI),,2019,32.986256
Other Asia Pacific (EI),,2020,28.061728
Other Asia Pacific (EI),,2021,29.793028
Other Asia Pacific (EI),,2022,32.42171
Other Asia Pacific (EI),,2023,40.941795
Other Asia Pacific (EI),,2024,48.114353
Other Europe (EI),,1990,0
Other Europe (EI),,1991,0
Other Europe (EI),,1992,0.034944445
Other Europe (EI),,1993,0.057555556
Other Europe (EI),,1994,0.09455556
Other Europe (EI),,1995,0.12127778
Other Europe (EI),,1996,0.20144445
Other Europe (EI),,1997,0.3005915
Other Europe (EI),,1998,0.17657606
Other Europe (EI),,1999,0.3290998
Other Europe (EI),,2000,0.7073538
Other Europe (EI),,2001,1.4240447
Other Europe (EI),,2002,1.5363442
Other Europe (EI),,2003,1.6771456
Other Europe (EI),,2004,1.8175445
Other Europe (EI),,2005,2.82305
Other Europe (EI),,2006,4.053143
Other Europe (EI),,2007,5.218345
Other Europe (EI),,2008,9.865168
Other Europe (EI),,2009,11.583374
Other Europe (EI),,2010,11.861812
Other Europe (EI),,2011,13.199901
Other Europe (EI),,2012,15.179781
Other Europe (EI),,2013,16.167759
Other Europe (EI),,2014,16.298122
Other Europe (EI),,2015,17.409739
Other Europe (EI),,2016,18.6951
Other Europe (EI),,2017,19.570297
Other Europe (EI),,2018,21.748402
Other Europe (EI),,2019,24.87475
Other Europe (EI),,2020,24.15274
Other Europe (EI),,2021,24.5563
Other Europe (EI),,2022,25.204277
Other Europe (EI),,2023,26.789576
Other Europe (EI),,2024,28.182318
Other South and Central America (EI),,1990,0.96319133
Other South and Central America (EI),,1991,0.821748
Other South and Central America (EI),,1992,0.7640003
Other South and Central America (EI),,1993,0.6260259
Other South and Central America (EI),,1994,0.5644741
Other South and Central America (EI),,1995,0.5037235
Other South and Central America (EI),,1996,0.50185686
Other South and Central America (EI),,1997,0.42869276
Other South and Central America (EI),,1998,0.34678283
Other South and Central America (EI),,1999,0.39497823
Other South and Central America (EI),,2000,0.380215
Other South and Central America (EI),,2001,0.36321747
Other South and Central America (EI),,2002,1.1143851
Other South and Central America (EI),,2003,1.4601876
Other South and Central America (EI),,2004,1.2977283
Other South and Central America (EI),,2005,1.8246083
Other South and Central America (EI),,2006,3.3381934
Other South and Central America (EI),,2007,4.3890367
Other South and Central America (EI),,2008,6.726893
Other South and Central America (EI),,2009,4.388373
Other South and Central America (EI),,2010,2.1295161
Other South and Central America (EI),,2011,2.6687155
Other South and Central America (EI),,2012,3.628353
Other South and Central America (EI),,2013,3.595388
Other South and Central America (EI),,2014,4.190288
Other South and Central America (EI),,2015,4.2018166
Other South and Central America (EI),,2016,4.8144927
Other South and Central America (EI),,2017,4.369232
Other South and Central America (EI),,2018,5.226913
Other South and Central America (EI),,2019,6.201288
Other South and Central America (EI),,2020,5.662664
Other South and Central America (EI),,2021,6.9512024
Other South and Central America (EI),,2022,6.1600356
Other South and Central America (EI),,2023,6.535011
Other South and Central America (EI),,2024,7.5431232
Poland,POL,1990,0
Poland,POL,1991,0
Poland,POL,1992,0
Poland,POL,1993,0
Poland,POL,1994,0
Poland,POL,1995,0
Poland,POL,1996,0
Poland,POL,1997,0
Poland,POL,1998,0
Poland,POL,1999,0
Poland,POL,2000,0
Poland,POL,2001,0
Poland,POL,2002,0
Poland,POL,2003,0.34308362
Poland,POL,2004,0.06880471
Poland,POL,2005,1.3228952
Poland,POL,2006,1.7473805
Poland,POL,2007,1.1637131
Poland,POL,2008,3.3347955
Poland,POL,2009,4.6976676
Poland,POL,2010,5.041024
Poland,POL,2011,4.7568064
Poland,POL,2012,7.505673
Poland,POL,2013,8.021459
Poland,POL,2014,8.657343
Poland,POL,2015,9.3839445
Poland,POL,2016,10.681111
Poland,POL,2017,10.640031
Poland,POL,2018,10.500066
Poland,POL,2019,11.371845
Poland,POL,2020,11.306277
Poland,POL,2021,12.020443
Poland,POL,2022,12.437226
Poland,POL,2023,12.508033
Poland,POL,2024,12.639253
Portugal,PRT,1990,0
Portugal,PRT,1991,0
Portugal,PRT,1992,0
Portugal,PRT,1993,0
Portugal,PRT,1994,0
Portugal,PRT,1995,0
Portugal,PRT,1996,0
Portugal,PRT,1997,0
Portugal,PRT,1998,0
Portugal,PRT,1999,0
Portugal,PRT,2000,0
Portugal,PRT,2001,0
Portugal,PRT,2002,0
Portugal,PRT,2003,0
Portugal,PRT,2004,0
Portugal,PRT,2005,0.010612133
Portugal,PRT,2006,0.81772375
Portugal,PRT,2007,1.8858278
Portugal,PRT,2008,1.7329049
Portugal,PRT,2009,2.6254027
Portugal,PRT,2010,3.3028035
Portugal,PRT,2011,3.8410752
Portugal,PRT,2012,3.2053094
Portugal,PRT,2013,3.1913302
Portugal,PRT,2014,3.503142
Portugal,PRT,2015,3.729485
Portugal,PRT,2016,3.4632163
Portugal,PRT,2017,3.6766036
Portugal,PRT,2018,3.8038125
Portugal,PRT,2019,4.1115193
Portugal,PRT,2020,3.491698
Portugal,PRT,2021,3.3248775
Portugal,PRT,2022,3.6816125
Portugal,PRT,2023,3.5510325
Portugal,PRT,2024,3.070616
South America,OWID_SAM,1990,68.512
South America,OWID_SAM,1991,76.8156
South America,OWID_SAM,1992,70.37044
South America,OWID_SAM,1993,68.25598
South America,OWID_SAM,1994,74.95961
South America,OWID_SAM,1995,76.39261
South America,OWID_SAM,1996,85.029236
South America,OWID_SAM,1997,93.439804
South America,OWID_SAM,1998,85.30479
South America,OWID_SAM,1999,78.68598
South America,OWID_SAM,2000,65.069145
South America,OWID_SAM,2001,69.8986
South America,OWID_SAM,2002,76.7284
South America,OWID_SAM,2003,88.399
South America,OWID_SAM,2004,89.181694
South America,OWID_SAM,2005,97.71277
South America,OWID_SAM,2006,110.13282
South America,OWID_SAM,2007,143.51677
South America,OWID_SAM,2008,183.2602
South America,OWID_SAM,2009,187.20612
South America,OWID_SAM,2010,215.0844
South America,OWID_SAM,2011,195.54706
South America,OWID_SAM,2012,200.72952
South America,OWID_SAM,2013,225.34843
South America,OWID_SAM,2014,242.52855
South America,OWID_SAM,2015,250.3968
South America,OWID_SAM,2016,246.57733
South America,OWID_SAM,2017,250.43669
South America,OWID_SAM,2018,289.47998
South America,OWID_SAM,2019,302.57318
South America,OWID_SAM,2020,279.74622
South America,OWID_SAM,2021,283.5666
South America,OWID_SAM,2022,289.89322
South America,OWID_SAM,2023,318.4006
South America,OWID_SAM,2024,347.18433
South Korea,KOR,1990,0
South Korea,KOR,1991,0
South Korea,KOR,1992,0
South Korea,KOR,1993,0
South Korea,KOR,1994,0
South Korea,KOR,1995,0
South Korea,KOR,1996,0
South Korea,KOR,1997,0
South Korea,KOR,1998,0
South Korea,KOR,1999,0
South Korea,KOR,2000,0
South Korea,KOR,2001,0
South Korea,KOR,2002,0.010612133
South Korea,KOR,2003,0.016869947
South Korea,KOR,2004,0.053947262
South Korea,KOR,2005,0.13318573
South Korea,KOR,2006,0.53019184
South Korea,KOR,2007,0.9665246
South Korea,KOR,2008,2.0659764
South Korea,KOR,2009,2.9562182
South Korea,KOR,2010,4.14984
South Korea,KOR,2011,3.908308
South Korea,KOR,2012,4.185823
South Korea,KOR,2013,4.2924123
South Korea,KOR,2014,4.5089393
South Korea,KOR,2015,5.1328425
South Korea,KOR,2016,5.15045
South Korea,KOR,2017,4.978256
South Korea,KOR,2018,7.946011
South Korea,KOR,2019,8.137662
South Korea,KOR,2020,8.0241995
South Korea,KOR,2021,6.9439
South Korea,KOR,2022,7.9435096
South Korea,KOR,2023,8.052315
South Korea,KOR,2024,8.827924
South and Central America (EI),,1990,69.47519
South and Central America (EI),,1991,77.637344
South and Central America (EI),,1992,71.13444
South and Central America (EI),,1993,68.882
South and Central America (EI),,1994,75.52408
South and Central America (EI),,1995,76.89633
South and Central America (EI),,1996,85.53109
South and Central America (EI),,1997,93.8685
South and Central America (EI),,1998,85.651566
South and Central America (EI),,1999,79.08096
South and Central America (EI),,2000,65.449356
South and Central America (EI),,2001,70.26182
South and Central America (EI),,2002,77.84278
South and Central America (EI),,2003,89.859184
South and Central America (EI),,2004,90.47943
South and Central America (EI),,2005,99.53738
South and Central America (EI),,2006,113.47101
South and Central America (EI),,2007,147.90579
South and Central America (EI),,2008,189.98708
South and Central America (EI),,2009,191.5945
South and Central America (EI),,2010,217.2139
South and Central America (EI),,2011,198.21577
South and Central America (EI),,2012,204.35786
South and Central America (EI),,2013,228.94382
South and Central America (EI),,2014,246.71884
South and Central America (EI),,2015,254.59863
South and Central America (EI),,2016,251.39182
South and Central America (EI),,2017,254.80592
South and Central America (EI),,2018,294.7069
South and Central America (EI),,2019,308.77448
South and Central America (EI),,2020,285.40887
South and Central America (EI),,2021,290.5178
South and Central America (EI),,2022,296.05325
South and Central America (EI),,2023,324.9356
South and Central America (EI),,2024,354.72745
Spain,ESP,1990,0
Spain,ESP,1991,0
Spain,ESP,1992,0
Spain,ESP,1993,0
Spain,ESP,1994,0
Spain,ESP,1995,0
Spain,ESP,1996,0
Spain,ESP,1997,0
Spain,ESP,1998,0
Spain,ESP,1999,0
Spain,ESP,2000,0.8512966
Spain,ESP,2001,0.8489706
Spain,ESP,2002,1.4820771
Spain,ESP,2003,2.090464
Spain,ESP,2004,2.546627
Spain,ESP,2005,3.4133594
Spain,ESP,2006,3.0383132
Spain,ESP,2007,4.2587085
Spain,ESP,2008,4.3520007
Spain,ESP,2009,10.473661
Spain,ESP,2010,11.731279
Spain,ESP,2011,9.744389
Spain,ESP,2012,7.0816107
Spain,ESP,2013,8.566667
Spain,ESP,2014,11.827222
Spain,ESP,2015,12.883056
Spain,ESP,2016,13.852012
Spain,ESP,2017,21.54365
Spain,ESP,2018,25.122383
Spain,ESP,2019,24.21578
Spain,ESP,2020,20.759722
Spain,ESP,2021,19.14101
Spain,ESP,2022,19.181992
Spain,ESP,2023,17.370277
Spain,ESP,2024,17.837536
Sweden,SWE,1990,0
Sweden,SWE,1991,0
Sweden,SWE,1992,0
Sweden,SWE,1993,0
Sweden,SWE,1994,0
Sweden,SWE,1995,0
Sweden,SWE,1996,0
Sweden,SWE,1997,0
Sweden,SWE,1998,0
Sweden,SWE,1999,0
Sweden,SWE,2000,0
Sweden,SWE,2001,0.16962354
Sweden,SWE,2002,0.3798009
Sweden,SWE,2003,1.0517358
Sweden,SWE,2004,1.9810077
Sweden,SWE,2005,0.4183427
Sweden,SWE,2006,0.47564375
Sweden,SWE,2007,0.57034683
Sweden,SWE,2008,1.540661
Sweden,SWE,2009,2.1265106
Sweden,SWE,2010,2.4114687
Sweden,SWE,2011,2.2329483
Sweden,SWE,2012,2.6494768
Sweden,SWE,2013,2.6463947
Sweden,SWE,2014,2.6483138
Sweden,SWE,2015,2.5444229
Sweden,SWE,2016,2.4066658
Sweden,SWE,2017,2.1583185
Sweden,SWE,2018,4.238693
Sweden,SWE,2019,5.001016
Sweden,SWE,2020,4.891601
Sweden,SWE,2021,5.889397
Sweden,SWE,2022,5.61522
Sweden,SWE,2023,6.370751
Sweden,SWE,2024,10.357987
Thailand,THA,1990,0
Thailand,THA,1991,0
Thailand,THA,1992,0
Thailand,THA,1993,0
Thailand,THA,1994,0
Thailand,THA,1995,0
Thailand,THA,1996,0
Thailand,THA,1997,0
Thailand,THA,1998,0
Thailand,THA,1999,0
Thailand,THA,2000,0
Thailand,THA,2001,0
Thailand,THA,2002,0
Thailand,THA,2003,0
Thailand,THA,2004,0.034402356
Thailand,THA,2005,0.62394303
Thailand,THA,2006,0.9670266
Thailand,THA,2007,1.6659788
Thailand,THA,2008,6.0350504
Thailand,THA,2009,7.437994
Thailand,THA,2010,9.69942
Thailand,THA,2011,10.68797
Thailand,THA,2012,14.64217
Thailand,THA,2013,18.71267
Thailand,THA,2014,20.92237
Thailand,THA,2015,22.57383
Thailand,THA,2016,20.25946
Thailand,THA,2017,22.43427
Thailand,THA,2018,24.55093
Thailand,THA,2019,27.458431
Thailand,THA,2020,27.65614
Thailand,THA,2021,24.48115
Thailand,THA,2022,22.37612
Thailand,THA,2023,24.562561
Thailand,THA,2024,24.377518
United Kingdom,GBR,1990,0
United Kingdom,GBR,1991,0
United Kingdom,GBR,1992,0
United Kingdom,GBR,1993,0
United Kingdom,GBR,1994,0
United Kingdom,GBR,1995,0
United Kingdom,GBR,1996,0
United Kingdom,GBR,1997,0
United Kingdom,GBR,1998,0
United Kingdom,GBR,1999,0
United Kingdom,GBR,2000,0
United Kingdom,GBR,2001,0
United Kingdom,GBR,2002,0.031836398
United Kingdom,GBR,2003,0.106121324
United Kingdom,GBR,2004,0.106412075
United Kingdom,GBR,2005,0.09173744
United Kingdom,GBR,2006,2.6513376
United Kingdom,GBR,2007,4.5208836
United Kingdom,GBR,2008,3.3232377
United Kingdom,GBR,2009,2.5000196
United Kingdom,GBR,2010,3.268623
United Kingdom,GBR,2011,2.0225034
United Kingdom,GBR,2012,3.48272
United Kingdom,GBR,2013,5.8598223
United Kingdom,GBR,2014,4.5294776
United Kingdom,GBR,2015,3.5043516
United Kingdom,GBR,2016,6.3051696
United Kingdom,GBR,2017,8.639752
United Kingdom,GBR,2018,7.972656
United Kingdom,GBR,2019,6.818681
United Kingdom,GBR,2020,7.4978495
United Kingdom,GBR,2021,7.53624
United Kingdom,GBR,2022,8.05959
United Kingdom,GBR,2023,9.413046
United Kingdom,GBR,2024,8.719674
United States,USA,1990,16.732742
United States,USA,1991,19.388733
United States,USA,1992,22.044722
United States,USA,1993,25.833725
United States,USA,1994,28.846283
United States,USA,1995,30.384048
United States,USA,1996,21.786278
United States,USA,1997,28.832184
United States,USA,1998,31.444319
United States,USA,1999,32.786575
United States,USA,2000,36.307644
United States,USA,2001,39.80129
United States,USA,2002,48.25923
United States,USA,2003,63.25451
United States,USA,2004,77.1594
United States,USA,2005,90.52149
United States,USA,2006,117.979416
United States,USA,2007,162.89423
United States,USA,2008,231.79964
United States,USA,2009,262.63998
United States,USA,2010,309.4932
United States,USA,2011,347.36652
United States,USA,2012,331.92157
United States,USA,2013,348.46423
United States,USA,2014,370.0955
United States,USA,2015,381.23242
United States,USA,2016,407.63672
United States,USA,2017,420.88632
United States,USA,2018,435.04752
United States,USA,2019,429.92654
United States,USA,2020,393.43954
United States,USA,2021,425.18463
United States,USA,2022,452.0822
United States,USA,2023,497.89624
United States,USA,2024,532.58624
Upper-middle-income countries,OWID_UMC,1990,68.512
Upper-middle-income countries,OWID_UMC,1991,76.8156
Upper-middle-income countries,OWID_UMC,1992,70.37044
Upper-middle-income countries,OWID_UMC,1993,68.25598
Upper-middle-income countries,OWID_UMC,1994,74.95961
Upper-middle-income countries,OWID_UMC,1995,76.39261
Upper-middle-income countries,OWID_UMC,1996,85.029236
Upper-middle-income countries,OWID_UMC,1997,93.439804
Upper-middle-income countries,OWID_UMC,1998,85.30479
Upper-middle-income countries,OWID_UMC,1999,78.68598
Upper-middle-income countries,OWID_UMC,2000,65.069145
Upper-middle-income countries,OWID_UMC,2001,69.95166
Upper-middle-income countries,OWID_UMC,2002,78.49688
Upper-middle-income countries,OWID_UMC,2003,93.25523
Upper-middle-income countries,OWID_UMC,2004,95.18144
Upper-middle-income countries,OWID_UMC,2005,106.80752
Upper-middle-income countries,OWID_UMC,2006,123.84488
Upper-middle-income countries,OWID_UMC,2007,161.1925
Upper-middle-income countries,OWID_UMC,2008,211.17262
Upper-middle-income countries,OWID_UMC,2009,214.67964
Upper-middle-income countries,OWID_UMC,2010,244.79805
Upper-middle-income countries,OWID_UMC,2011,244.94052
Upper-middle-income countries,OWID_UMC,2012,259.37454
Upper-middle-income countries,OWID_UMC,2013,296.08154
Upper-middle-income countries,OWID_UMC,2014,329.0537
Upper-middle-income countries,OWID_UMC,2015,312.72162
Upper-middle-income countries,OWID_UMC,2016,324.36276
Upper-middle-income countries,OWID_UMC,2017,323.79294
Upper-middle-income countries,OWID_UMC,2018,397.78952
Upper-middle-income countries,OWID_UMC,2019,440.20374
Upper-middle-income countries,OWID_UMC,2020,421.26093
Upper-middle-income countries,OWID_UMC,2021,438.0463
Upper-middle-income countries,OWID_UMC,2022,465.60687
Upper-middle-income countries,OWID_UMC,2023,514.1076
Upper-middle-income countries,OWID_UMC,2024,565.33716
World,OWID_WRL,1990,86.5863
World,OWID_WRL,1991,97.41143
World,OWID_WRL,1992,93.686874
World,OWID_WRL,1993,95.28714
World,OWID_WRL,1994,105.83975
World,OWID_WRL,1995,109.823586
World,OWID_WRL,1996,110.976395
World,OWID_WRL,1997,127.39432
World,OWID_WRL,1998,121.57153
World,OWID_WRL,1999,117.51924
World,OWID_WRL,2000,112.215546
World,OWID_WRL,2001,122.578415
World,OWID_WRL,2002,144.04039
World,OWID_WRL,2003,178.25037
World,OWID_WRL,2004,201.25858
World,OWID_WRL,2005,237.02116
World,OWID_WRL,2006,301.89563
World,OWID_WRL,2007,410.08588
World,OWID_WRL,2008,556.3209
World,OWID_WRL,2009,614.0576
World,OWID_WRL,2010,706.45715
World,OWID_WRL,2011,751.1705
World,OWID_WRL,2012,764.31354
World,OWID_WRL,2013,832.6453
World,OWID_WRL,2014,907.98663
World,OWID_WRL,2015,909.044
World,OWID_WRL,2016,943.0741
World,OWID_WRL,2017,970.6383
World,OWID_WRL,2018,1084.535
World,OWID_WRL,2019,1140.2383
World,OWID_WRL,2020,1074.6621
World,OWID_WRL,2021,1132.0234
World,OWID_WRL,2022,1196.7405
World,OWID_WRL,2023,1313.8804
World,OWID_WRL,2024,1424.5156