Location,Indicator,Period,Dim1,First Tooltip
Brazil,Concentrations of fine particulate matter (PM2.5),2011,Cities,34.35 [31.45-37.59]
Brazil,Concentrations of fine particulate matter (PM2.5),2010,Cities,33.69 [30.05-37.11]
Brazil,Concentrations of fine particulate matter (PM2.5),2014,Cities,33.18 [30.23-36.22]
Brazil,Concentrations of fine particulate matter (PM2.5),2012,Cities,32.96 [29.68-36.49]
Brazil,Concentrations of fine particulate matter (PM2.5),2011,Urban,31.60 [29.28-34.30]
Brazil,Concentrations of fine particulate matter (PM2.5),2010,Urban,31.18 [28.11-34.45]
Brazil,Concentrations of fine particulate matter (PM2.5),2014,Urban,30.64 [28.26-33.47]
Brazil,Concentrations of fine particulate matter (PM2.5),2013,Cities,30.62 [27.63-33.80]
Brazil,Concentrations of fine particulate matter (PM2.5),2012,Urban,30.55 [27.75-33.80]
Brazil,Concentrations of fine particulate matter (PM2.5),2015,Cities,30.51 [27.50-33.21]
Brazil,Concentrations of fine particulate matter (PM2.5),2011,Total,30.29 [27.96-32.83]
Brazil,Concentrations of fine particulate matter (PM2.5),2010,Total,29.91 [27.00-33.05]
Brazil,Concentrations of fine particulate matter (PM2.5),2012,Total,29.41 [26.61-32.52]
Brazil,Concentrations of fine particulate matter (PM2.5),2014,Total,29.37 [27.26-32.05]
Brazil,Concentrations of fine particulate matter (PM2.5),2016,Cities,28.95 [26.45-31.53]
Brazil,Concentrations of fine particulate matter (PM2.5),2015,Urban,28.36 [25.60-31.02]
Brazil,Concentrations of fine particulate matter (PM2.5),2013,Urban,28.28 [25.57-30.88]
Brazil,Concentrations of fine particulate matter (PM2.5),2017,Cities,27.88 [25.67-30.01]
Brazil,Concentrations of fine particulate matter (PM2.5),2015,Total,27.35 [24.88-29.94]
Brazil,Concentrations of fine particulate matter (PM2.5),2013,Total,27.14 [24.67-29.90]
Brazil,Concentrations of fine particulate matter (PM2.5),2016,Urban,26.96 [24.76-29.32]
Brazil,Concentrations of fine particulate matter (PM2.5),2011,Towns,26.49 [23.81-29.49]
Brazil,Concentrations of fine particulate matter (PM2.5),2010,Towns,26.26 [23.21-29.35]
Brazil,Concentrations of fine particulate matter (PM2.5),2019,Cities,26.22 [24.06-28.37]
Brazil,Concentrations of fine particulate matter (PM2.5),2021,Cities,26.11 [23.95-28.58]
Brazil,Concentrations of fine particulate matter (PM2.5),2018,Cities,25.99 [23.56-28.41]
Brazil,Concentrations of fine particulate matter (PM2.5),2016,Total,25.95 [23.79-28.25]
Brazil,Concentrations of fine particulate matter (PM2.5),2017,Urban,25.94 [24.15-27.87]
Brazil,Concentrations of fine particulate matter (PM2.5),2012,Towns,25.84 [22.90-28.98]
Brazil,Concentrations of fine particulate matter (PM2.5),2014,Towns,25.62 [23.22-28.26]
Brazil,Concentrations of fine particulate matter (PM2.5),2020,Cities,25.34 [23.31-27.39]
Brazil,Concentrations of fine particulate matter (PM2.5),2017,Total,25.00 [23.07-26.89]
Brazil,Concentrations of fine particulate matter (PM2.5),2021,Urban,24.40 [22.59-26.35]
Brazil,Concentrations of fine particulate matter (PM2.5),2019,Urban,24.39 [22.55-26.44]
Brazil,Concentrations of fine particulate matter (PM2.5),2018,Urban,24.12 [22.17-26.39]
Brazil,Concentrations of fine particulate matter (PM2.5),2015,Towns,23.99 [21.62-26.68]
Brazil,Concentrations of fine particulate matter (PM2.5),2011,Rural,23.99 [20.87-27.46]
Brazil,Concentrations of fine particulate matter (PM2.5),2010,Rural,23.91 [20.50-27.75]
Brazil,Concentrations of fine particulate matter (PM2.5),2013,Towns,23.78 [21.40-26.15]
Brazil,Concentrations of fine particulate matter (PM2.5),2012,Rural,23.70 [20.48-27.46]
Brazil,Concentrations of fine particulate matter (PM2.5),2020,Urban,23.66 [21.74-25.48]
Brazil,Concentrations of fine particulate matter (PM2.5),2021,Total,23.52 [21.76-25.49]
Brazil,Concentrations of fine particulate matter (PM2.5),2019,Total,23.49 [21.59-25.41]
Brazil,Concentrations of fine particulate matter (PM2.5),2022,Cities,23.23 [21.42-25.28]
Brazil,Concentrations of fine particulate matter (PM2.5),2018,Total,23.19 [21.59-25.35]
Brazil,Concentrations of fine particulate matter (PM2.5),2014,Rural,23.19 [20.14-26.55]
Brazil,Concentrations of fine particulate matter (PM2.5),2023,Cities,23.03 [21.04-25.05]
Brazil,Concentrations of fine particulate matter (PM2.5),2020,Total,22.80 [21.01-24.80]
Brazil,Concentrations of fine particulate matter (PM2.5),2016,Towns,22.79 [20.28-25.59]
Brazil,Concentrations of fine particulate matter (PM2.5),2017,Towns,22.00 [20.13-24.33]
Brazil,Concentrations of fine particulate matter (PM2.5),2015,Rural,21.99 [19.05-25.16]
Brazil,Concentrations of fine particulate matter (PM2.5),2022,Urban,21.70 [20.10-23.44]
Brazil,Concentrations of fine particulate matter (PM2.5),2013,Rural,21.56 [18.66-24.78]
Brazil,Concentrations of fine particulate matter (PM2.5),2023,Urban,21.31 [19.45-23.27]
Brazil,Concentrations of fine particulate matter (PM2.5),2022,Total,20.95 [19.38-22.52]
Brazil,Concentrations of fine particulate matter (PM2.5),2016,Rural,20.82 [17.88-23.90]
Brazil,Concentrations of fine particulate matter (PM2.5),2021,Towns,20.78 [18.82-22.97]
Brazil,Concentrations of fine particulate matter (PM2.5),2019,Towns,20.69 [18.67-22.81]
Brazil,Concentrations of fine particulate matter (PM2.5),2023,Total,20.44 [18.94-22.26]
Brazil,Concentrations of fine particulate matter (PM2.5),2018,Towns,20.38 [18.56-22.71]
Brazil,Concentrations of fine particulate matter (PM2.5),2020,Towns,20.16 [18.34-22.29]
Brazil,Concentrations of fine particulate matter (PM2.5),2017,Rural,20.04 [17.48-23.07]
Brazil,Concentrations of fine particulate matter (PM2.5),2021,Rural,19.05 [16.39-21.85]
Brazil,Concentrations of fine particulate matter (PM2.5),2019,Rural,18.82 [16.15-21.59]
Brazil,Concentrations of fine particulate matter (PM2.5),2022,Towns,18.55 [16.92-20.57]
Brazil,Concentrations of fine particulate matter (PM2.5),2018,Rural,18.52 [16.01-21.14]
Brazil,Concentrations of fine particulate matter (PM2.5),2020,Rural,18.33 [15.88-20.96]
Brazil,Concentrations of fine particulate matter (PM2.5),2023,Towns,17.97 [16.29-19.62]
Brazil,Concentrations of fine particulate matter (PM2.5),2022,Rural,17.02 [14.64-19.59]
Brazil,Concentrations of fine particulate matter (PM2.5),2023,Rural,16.20 [14.02-18.38]
